Class,Larva,Num_Peaks,Num_RR_Intervals,Mean_RR_ms,Std_RR_ms,Min_RR_ms,Max_RR_ms
1_Isoproterenol 1 µM,Larva 01,1092,1091,274.5875343721357,15.169811501688352,200.0,350.0
1_Isoproterenol 1 µM,Larva 02,1159,1158,258.70034542314335,12.30965681907128,200.0,275.0
1_Isoproterenol 1 µM,Larva 03,1073,1072,279.52425373134326,12.046139895559142,250.0,425.0
1_Isoproterenol 1 µM,Larva 04,1061,1060,282.64150943396226,13.927161381153859,225.0,400.0
1_Isoproterenol 1 µM,Larva 05,1044,1043,287.27229146692235,12.735402570857223,250.0,325.0
1_Isoproterenol 1 µM,Larva 06,1083,1082,276.87153419593346,13.784221177447556,250.0,325.0
1_Isoproterenol 1 µM,Larva 07,1180,1179,254.19847328244273,24.569535002845935,175.0,600.0
1_Isoproterenol 1 µM,Larva 08,1054,1053,284.6628679962013,22.13777368827686,250.0,625.0
1_Isoproterenol 1 µM,Larva 09,1110,1109,270.24346257889994,14.141633980394014,250.0,525.0
1_Isoproterenol 1 µM,Larva 10,1041,1040,288.0769230769231,14.778943120646806,250.0,325.0
1_Isoproterenol 1 µM,Larva 11,897,896,334.4029017857143,21.59012341510904,275.0,450.0
1_Isoproterenol 1 µM,Larva 12,910,909,329.62046204620464,18.632986453195073,275.0,425.0
1_Isoproterenol 1 µM,Larva 13,938,937,319.63713980789754,14.237152366525697,300.0,375.0
1_Isoproterenol 1 µM,Larva 14,890,889,336.69853768278966,14.26233439302868,300.0,375.0
1_Isoproterenol 1 µM,Larva 15,916,915,327.21311475409834,14.641189096762577,275.0,350.0
1_Isoproterenol 1 µM,Larva 16,832,831,360.28880866425993,15.879005731125568,325.0,400.0
1_Isoproterenol 1 µM,Larva 17,996,995,301.05527638190955,11.708003524583225,250.0,325.0
1_Isoproterenol 1 µM,Larva 18,1014,1013,295.90325765054297,10.849801052204223,275.0,350.0
1_Isoproterenol 1 µM,Larva 19,954,953,314.1657922350472,13.454357370095689,275.0,375.0
1_Isoproterenol 1 µM,Larva 20,915,914,327.76258205689277,12.536575823435435,300.0,375.0
1_Isoproterenol 1 µM,Larva 21,983,982,304.938900203666,11.385502537739995,275.0,325.0
1_Isoproterenol 1 µM,Larva 22,971,970,308.7371134020619,13.868973156287398,275.0,350.0
1_Isoproterenol 1 µM,Larva 23,950,949,315.72708113804003,16.421037998593967,275.0,350.0
1_Isoproterenol 1 µM,Larva 24,937,936,319.9519230769231,11.580396996319834,275.0,350.0
1_Isoproterenol 1 µM,Larva 25,955,954,313.91509433962267,14.868470243472837,275.0,400.0
1_Isoproterenol 1 µM,Larva 26,911,910,329.36813186813185,12.437168497947876,300.0,375.0
1_Isoproterenol 1 µM,Larva 27,993,992,302.01612903225805,11.099701297178068,275.0,325.0
1_Isoproterenol 1 µM,Larva 28,1012,1011,296.31552917903065,16.882392579858582,250.0,375.0
1_Isoproterenol 1 µM,Larva 29,935,934,320.90471092077087,13.97690505882828,200.0,350.0
1_Isoproterenol 1 µM,Larva 30,974,973,308.0678314491264,13.989333887464463,275.0,375.0
1_Isoproterenol 1 µM,Larva 31,831,830,360.6927710843373,14.236668108343176,325.0,425.0
1_Isoproterenol 10 µM,Larva 01,1229,1228,244.03501628664495,13.631417721718064,225.0,325.0
1_Isoproterenol 10 µM,Larva 02,1177,1176,254.7406462585034,16.539375227489195,225.0,525.0
1_Isoproterenol 10 µM,Larva 03,1217,1216,246.34046052631578,11.379555527279694,225.0,275.0
1_Isoproterenol 10 µM,Larva 04,1103,1102,271.7105263157895,13.51213267722964,250.0,325.0
1_Isoproterenol 10 µM,Larva 05,1071,1070,279.7429906542056,11.348527939036419,250.0,300.0
1_Isoproterenol 10 µM,Larva 06,1259,1258,238.016693163752,12.608090667230353,200.0,275.0
1_Isoproterenol 10 µM,Larva 07,1220,1219,245.91878589007382,20.684967767753676,225.0,500.0
1_Isoproterenol 10 µM,Larva 08,1065,1064,281.81390977443607,12.380980522504116,250.0,300.0
1_Isoproterenol 10 µM,Larva 09,1139,1138,263.24692442882247,26.13298446760522,175.0,600.0
1_Isoproterenol 10 µM,Larva 10,1151,1150,260.5,12.982848217016441,225.0,275.0
1_Isoproterenol 10 µM,Larva 11,1178,1177,254.6516567544605,24.90691556334573,150.0,450.0
1_Isoproterenol 10 µM,Larva 12,1182,1181,253.64098221845893,14.783042223864856,225.0,350.0
1_Isoproterenol 10 µM,Larva 13,1118,1117,268.28558639212173,13.942646876280827,200.0,325.0
1_Isoproterenol 10 µM,Larva 14,1107,1106,270.59222423146474,15.707748319187658,225.0,375.0
1_Isoproterenol 10 µM,Larva 15,904,903,331.61683277962345,13.510974340179368,300.0,375.0
1_Isoproterenol 10 µM,Larva 16,1009,1008,297.14781746031747,11.569535084086885,200.0,325.0
1_Isoproterenol 10 µM,Larva 17,1048,1047,286.0792741165234,14.295971615796681,250.0,325.0
1_Isoproterenol 10 µM,Larva 18,968,967,309.77249224405375,15.0456028026679,225.0,350.0
1_Isoproterenol 10 µM,Larva 19,976,975,307.12820512820514,13.791821224039673,250.0,350.0
1_Isoproterenol 10 µM,Larva 20,1067,1066,280.95684803001876,24.376349051220966,175.0,475.0
1_Isoproterenol 10 µM,Larva 21,1083,1082,276.9177449168207,16.662233278739002,175.0,500.0
1_Isoproterenol 10 µM,Larva 22,1009,1008,297.37103174603175,12.668829472581175,275.0,325.0
1_Isoproterenol 10 µM,Larva 23,1043,1042,287.5,15.994315808929663,225.0,375.0
1_Isoproterenol 10 µM,Larva 24,1004,1003,298.70388833499504,13.656703050913533,200.0,375.0
1_Isoproterenol 10 µM,Larva 25,1112,1111,269.77947794779476,12.762843096421705,250.0,300.0
1_Isoproterenol 10 µM,Larva 26,1098,1097,273.06289881494985,10.948985042299082,250.0,300.0
1_Isoproterenol 10 µM,Larva 27,959,958,312.89144050104386,14.295958734186023,275.0,350.0
1_Isoproterenol 10 µM,Larva 28,1099,1098,272.9280510018215,11.527717292014579,250.0,300.0
1_Isoproterenol 10 µM,Larva 29,991,990,302.67676767676767,10.500436049462623,275.0,350.0
1_Isoproterenol 100 µM,Larva 01 - 01.04.25,917,916,326.9377729257642,15.530483233004075,250.0,400.0
1_Isoproterenol 100 µM,Larva 02 - 01.04.25,962,961,311.420395421436,12.914759371553135,275.0,350.0
1_Isoproterenol 100 µM,Larva 03 - 01.04.25,1105,1104,271.5126811594203,11.122417566407453,250.0,300.0
1_Isoproterenol 100 µM,Larva 04 - 01.04.25,1010,1009,296.9524281466799,14.469602345014017,250.0,350.0
1_Isoproterenol 100 µM,Larva 05 - 01.04.25,965,964,310.99585062240664,14.16573445237474,250.0,350.0
1_Isoproterenol 100 µM,Larva 06 - 01.04.25,1005,1004,298.20717131474106,13.820595966709748,200.0,350.0
1_Isoproterenol 100 µM,Larva 07 - 01.04.25,927,926,323.6231101511879,16.2283071834946,225.0,350.0
1_Isoproterenol 100 µM,Larva 08 - 01.04.25,1048,1047,286.24641833810887,20.428747841353015,250.0,575.0
1_Isoproterenol 100 µM,Larva 09 - 01.04.25,1023,1022,293.2485322896282,15.393243008903264,200.0,550.0
1_Isoproterenol 100 µM,Larva 10 - 01.04.25,1000,999,299.64964964964963,18.78111039009308,200.0,475.0
1_Isoproterenol 100 µM,Larva 11 - 01.04.25,1030,1029,291.15646258503403,14.771463095652017,200.0,325.0
1_Isoproterenol 100 µM,Larva 12 - 01.04.25,926,925,323.86486486486484,15.641528511335704,300.0,400.0
1_Isoproterenol 100 µM,Larva 13 - 01.04.25,979,978,306.3394683026585,14.100330549270415,275.0,350.0
1_Isoproterenol 100 µM,Larva 14 - 06.04.25,1048,1047,286.00764087870107,14.288671412301444,250.0,325.0
1_Isoproterenol 100 µM,Larva 15 - 06.04.25,951,950,315.5,16.460079298907274,275.0,375.0
1_Isoproterenol 100 µM,Larva 16 - 06.04.25,1065,1064,281.390977443609,12.22599510009149,250.0,325.0
1_Isoproterenol 100 µM,Larva 17 - 06.04.25,1002,1001,299.35064935064935,23.64358059124606,250.0,475.0
1_Isoproterenol 100 µM,Larva 18 - 06.04.25,988,987,303.596757852077,14.577171561196147,250.0,400.0
1_Isoproterenol 100 µM,Larva 19 - 06.04.25,888,887,337.51409244644873,15.289154877586345,150.0,375.0
1_Isoproterenol 100 µM,Larva 20 - 06.04.25,971,970,308.659793814433,13.847763299937492,275.0,350.0
1_Isoproterenol 100 µM,Larva 21 - 06.04.25,886,885,338.5875706214689,14.201315419173081,300.0,400.0
1_Isoproterenol 100 µM,Larva 22 - 06.04.25,889,888,337.3873873873874,17.477100163104637,300.0,525.0
1_Isoproterenol 100 µM,Larva 23 - 06.04.25,929,928,323.11422413793105,19.70826811662199,225.0,700.0
1_Isoproterenol 100 µM,Larva 24 - 06.04.25,916,915,327.62295081967216,29.706302215063108,275.0,650.0
1_Isoproterenol 100 µM,Larva 25 - 06.04.25,984,983,304.6795523906409,13.139987311033908,275.0,350.0
1_Isoproterenol 100 µM,Larva 26 - 06.04.25,990,989,303.0080889787664,13.412862821482854,275.0,350.0
1_Isoproterenol 100 µM,Larva 27 - 06.04.25,1037,1036,289.18918918918916,12.86321409869102,275.0,325.0
2_Atropine 1 µM,Larva 01,1036,1035,289.3478260869565,12.747445803028748,225.0,325.0
2_Atropine 1 µM,Larva 02,1173,1172,255.4820819112628,13.438414187337122,200.0,350.0
2_Atropine 1 µM,Larva 03,1035,1034,289.8452611218569,12.902147789485232,225.0,350.0
2_Atropine 1 µM,Larva 04,1021,1020,293.8480392156863,11.376853267620707,225.0,325.0
2_Atropine 1 µM,Larva 05,1063,1062,281.99152542372883,12.272906011490015,225.0,300.0
2_Atropine 1 µM,Larva 06,1067,1066,281.16791744840526,11.462924277810343,225.0,300.0
2_Atropine 1 µM,Larva 07,977,976,306.86475409836066,11.987704918032785,275.0,325.0
2_Atropine 1 µM,Larva 08,945,944,317.02860169491527,11.7075155020689,275.0,325.0
2_Atropine 1 µM,Larva 09,937,936,320.1388888888889,13.392574500703182,300.0,350.0
2_Atropine 1 µM,Larva 10,905,904,331.0287610619469,13.026235109190214,300.0,375.0
2_Atropine 1 µM,Larva 11,902,901,332.630410654828,16.762555608575493,300.0,400.0
2_Atropine 1 µM,Larva 12,894,893,335.6103023516237,31.102229753721264,150.0,1025.0
2_Atropine 1 µM,Larva 13,965,964,310.96991701244815,12.715696168073388,275.0,350.0
2_Atropine 1 µM,Larva 14,1002,1001,299.1758241758242,10.054549268071188,275.0,325.0
2_Atropine 1 µM,Larva 15,946,945,317.010582010582,13.498183071143696,275.0,375.0
2_Atropine 1 µM,Larva 16,956,955,313.6910994764398,13.059023252906297,275.0,350.0
2_Atropine 1 µM,Larva 17,987,986,303.6764705882353,13.074439478040977,275.0,325.0
2_Atropine 1 µM,Larva 18,1060,1059,282.9084041548631,12.364167179037251,250.0,300.0
2_Atropine 1 µM,Larva 19,980,979,306.10316649642493,14.218080397789974,275.0,325.0
2_Atropine 1 µM,Larva 20,999,998,300.0501002004008,10.072258722925213,275.0,325.0
2_Atropine 1 µM,Larva 21,988,987,303.4447821681864,12.101300751011427,275.0,325.0
2_Atropine 1 µM,Larva 22,1047,1046,286.4244741873805,16.785895399988433,150.0,350.0
2_Atropine 1 µM,Larva 23,936,935,320.3475935828877,13.817451264607318,300.0,350.0
2_Atropine 1 µM,Larva 24,985,984,304.6239837398374,11.392430537892746,275.0,325.0
2_Atropine 1 µM,Larva 25,927,926,323.6501079913607,13.680740943915097,275.0,375.0
2_Atropine 1 µM,Larva 26,962,961,311.70655567117586,13.428860184219543,275.0,350.0
2_Atropine 1 µM,Larva 27,1009,1008,297.17261904761904,12.626029907925439,275.0,325.0
2_Atropine 1 µM,Larva 28,942,941,318.5706695005313,11.971119625072884,300.0,375.0
2_Atropine 1 µM,Larva 29,958,957,313.1400208986416,12.844591427685891,275.0,325.0
2_Atropine 1 µM,Larva 30,957,956,313.10146443514645,12.537773802155114,275.0,325.0
2_Atropine 1 µM,Larva 31,988,987,303.3434650455927,11.865788021849932,175.0,350.0
2_Atropine 1 µM,Larva 32,931,930,322.258064516129,12.346174563865079,275.0,350.0
2_Atropine 10 µM,Larva 01,1011,1010,296.63366336633663,11.060341043814592,250.0,325.0
2_Atropine 10 µM,Larva 02,934,933,321.11468381564845,13.949100891543145,300.0,350.0
2_Atropine 10 µM,Larva 03,979,978,306.4161554192229,11.710273081728134,275.0,325.0
2_Atropine 10 µM,Larva 04,899,898,333.43541202672606,15.080583613145905,300.0,375.0
2_Atropine 10 µM,Larva 05,1025,1024,292.3828125,11.820844337010946,275.0,325.0
2_Atropine 10 µM,Larva 06,1103,1102,272.005444646098,16.433829461056938,225.0,525.0
2_Atropine 10 µM,Larva 07,1089,1088,275.5055147058824,11.281490522601542,250.0,300.0
2_Atropine 10 µM,Larva 08,1040,1039,288.28200192492784,12.808592123295186,225.0,325.0
2_Atropine 10 µM,Larva 09,933,932,321.24463519313304,17.8469958513588,275.0,575.0
2_Atropine 10 µM,Larva 10,1058,1057,283.4673604541154,13.021237435353067,250.0,325.0
2_Atropine 10 µM,Larva 11,997,996,300.72791164658634,13.211564852037144,275.0,325.0
2_Atropine 10 µM,Larva 12,966,965,310.54404145077723,12.45049797111954,275.0,325.0
2_Atropine 10 µM,Larva 13,1026,1025,292.1951219512195,11.584723987354067,275.0,300.0
2_Atropine 10 µM,Larva 14,946,945,316.85185185185185,14.123763578764896,150.0,350.0
2_Atropine 10 µM,Larva 15,940,939,318.79659211927583,13.435054568618186,275.0,375.0
2_Atropine 10 µM,Larva 16,990,989,302.6794742163802,17.715861895952838,200.0,375.0
2_Atropine 10 µM,Larva 17,1021,1020,293.6029411764706,11.668803355170478,250.0,350.0
2_Atropine 10 µM,Larva 18,1112,1111,269.5994599459946,14.234020670310096,225.0,350.0
2_Atropine 10 µM,Larva 19,1084,1083,276.7543859649123,12.21788445367028,250.0,300.0
2_Atropine 10 µM,Larva 20,1005,1004,298.2818725099602,12.630246930664619,275.0,325.0
2_Atropine 10 µM,Larva 21,949,948,315.8755274261603,13.962854286545674,275.0,350.0
2_Atropine 10 µM,Larva 22,1055,1054,284.22675521821634,12.258862166433053,250.0,300.0
2_Atropine 10 µM,Larva 23,1016,1015,295.0,11.328067935562064,275.0,325.0
2_Atropine 10 µM,Larva 24,970,969,309.3137254901961,12.812396741801651,275.0,350.0
2_Atropine 10 µM,Larva 25,1094,1093,274.0164684354986,11.147259480807099,200.0,300.0
2_Atropine 10 µM,Larva 26,1068,1067,280.90440487347706,14.122315099996667,250.0,350.0
2_Atropine 10 µM,Larva 27,1011,1010,296.73267326732673,11.897575332572425,250.0,325.0
2_Atropine 10 µM,Larva 28,1055,1054,284.4639468690702,13.987732833137,250.0,325.0
2_Atropine 10 µM,Larva 29,1050,1049,285.3908484270734,12.888010410464009,225.0,325.0
2_Atropine 100 µM,Larva 01 - 01.04.25,962,961,311.60249739854316,13.177810394412884,275.0,350.0
2_Atropine 100 µM,Larva 02 - 01.04.25,987,986,303.77789046653146,10.63655328254526,275.0,325.0
2_Atropine 100 µM,Larva 03 - 01.04.25,898,897,334.11371237458195,23.60654826055512,150.0,375.0
2_Atropine 100 µM,Larva 04 - 01.04.25,936,935,320.37433155080214,12.098923095102185,300.0,350.0
2_Atropine 100 µM,Larva 05 - 01.04.25,911,910,329.14835164835165,11.950675760353082,300.0,350.0
2_Atropine 100 µM,Larva 06 - 01.04.25,1036,1035,289.4685990338164,12.489908176197858,250.0,325.0
2_Atropine 100 µM,Larva 07 - 01.04.25,1017,1016,294.9803149606299,10.197344407818438,275.0,325.0
2_Atropine 100 µM,Larva 08 - 01.04.25,988,987,303.4954407294833,12.13904288614946,275.0,325.0
2_Atropine 100 µM,Larva 09 - 01.04.25,993,992,302.09173387096774,11.6672036644832,275.0,325.0
2_Atropine 100 µM,Larva 10 - 01.04.25,1016,1015,295.02463054187194,10.46337192099644,275.0,325.0
2_Atropine 100 µM,Larva 11 - 01.04.25,1023,1022,293.2729941291585,11.142065821077257,275.0,325.0
2_Atropine 100 µM,Larva 12 - 06.04.25,1009,1008,297.2470238095238,9.984387170679845,250.0,325.0
2_Atropine 100 µM,Larva 13 - 06.04.25,1048,1047,286.15090735434575,12.522688354643341,250.0,325.0
2_Atropine 100 µM,Larva 14 - 06.04.25,967,966,310.17080745341616,18.917298949772352,175.0,650.0
2_Atropine 100 µM,Larva 15 - 06.04.25,1049,1048,285.8062977099237,12.810780826203283,250.0,300.0
2_Atropine 100 µM,Larva 16 - 06.04.25,1047,1046,286.4005736137667,12.451556594307961,275.0,300.0
2_Atropine 100 µM,Larva 17 - 06.04.25,1003,1002,298.9271457085828,12.566060237677227,250.0,325.0
2_Atropine 100 µM,Larva 18 - 06.04.25,1072,1071,279.6451914098973,10.530519991619334,250.0,300.0
2_Atropine 100 µM,Larva 19 - 06.04.25,1129,1128,265.5585106382979,12.346509337349675,250.0,300.0
2_Atropine 100 µM,Larva 20 - 06.04.25,1005,1004,298.3814741035857,9.81628532531399,275.0,325.0
2_Atropine 100 µM,Larva 21 - 06.04.25,965,964,310.8143153526971,12.797730707170306,225.0,350.0
2_Atropine 100 µM,Larva 22 - 06.04.25,999,998,300.0751503006012,12.833501519458936,275.0,350.0
2_Atropine 100 µM,Larva 23 - 06.04.25,969,968,309.60743801652893,12.423352878431242,275.0,350.0
2_Atropine 100 µM,Larva 24 - 06.04.25,881,880,340.59659090909093,13.284979119151108,300.0,375.0
2_Atropine 100 µM,Larva 25 - 06.04.25,921,920,325.4619565217391,10.184636152721758,300.0,350.0
2_Atropine 100 µM,Larva 26 - 06.04.25,927,926,323.70410367170626,10.17900925336945,300.0,350.0
2_Atropine 100 µM,Larva 27 - 06.04.25,976,975,307.28205128205127,11.747228190139847,275.0,325.0
2_Atropine 100 µM,Larva 28 - 06.04.25,1022,1021,293.2419196865818,11.798140835187093,250.0,325.0
2_Atropine 100 µM,Larva 29 - 06.04.25,947,946,316.59619450317126,11.921153330247368,300.0,350.0
3_Propranolol 1 µM,Larva 01,1000,999,299.974974974975,13.446381652843575,225.0,325.0
3_Propranolol 1 µM,Larva 02,935,934,320.69057815845827,14.752765395605227,275.0,425.0
3_Propranolol 1 µM,Larva 03,1059,1058,283.0812854442344,13.822908079041175,225.0,325.0
3_Propranolol 1 µM,Larva 04,1093,1092,274.496336996337,12.603890081655853,200.0,325.0
3_Propranolol 1 µM,Larva 05,1001,1000,299.65,15.243933219481118,250.0,525.0
3_Propranolol 1 µM,Larva 06,787,786,381.2022900763359,51.16814615076637,300.0,700.0
3_Propranolol 1 µM,Larva 07,1078,1077,278.24976787372333,14.001121205997766,225.0,350.0
3_Propranolol 1 µM,Larva 08,995,994,301.53420523138834,11.901056587950093,275.0,325.0
3_Propranolol 1 µM,Larva 09,1014,1013,295.5083909180652,12.150876888444744,250.0,325.0
3_Propranolol 1 µM,Larva 10,945,944,317.29343220338984,18.29054931247783,275.0,400.0
3_Propranolol 1 µM,Larva 11,880,879,340.9271899886234,16.97449536176054,275.0,400.0
3_Propranolol 1 µM,Larva 12,831,830,360.99397590361446,26.441683273057187,325.0,600.0
3_Propranolol 1 µM,Larva 13,818,817,366.5544675642595,32.52389811860072,325.0,575.0
3_Propranolol 1 µM,Larva 14,765,764,392.14659685863876,38.3371578454207,150.0,525.0
3_Propranolol 1 µM,Larva 15,735,734,407.90190735694824,34.73172656447496,275.0,650.0
3_Propranolol 1 µM,Larva 16,852,851,351.8213866039953,18.489583270024937,325.0,475.0
3_Propranolol 1 µM,Larva 17,974,973,307.8622816032888,13.968601765660228,275.0,350.0
3_Propranolol 1 µM,Larva 18,916,915,327.37704918032784,31.802926593735723,150.0,400.0
3_Propranolol 1 µM,Larva 19,892,891,336.1672278338945,13.40620168451078,300.0,375.0
3_Propranolol 1 µM,Larva 20,877,876,341.95205479452056,13.173065881851162,300.0,375.0
3_Propranolol 1 µM,Larva 21,937,936,320.03205128205127,13.844336003650936,275.0,375.0
3_Propranolol 1 µM,Larva 22,849,848,352.97759433962267,21.70113721621402,325.0,525.0
3_Propranolol 1 µM,Larva 23,940,939,319.3024494142705,18.94496553810501,300.0,600.0
3_Propranolol 1 µM,Larva 24,951,950,315.13157894736844,14.39512171139489,275.0,375.0
3_Propranolol 1 µM,Larva 25,876,875,342.2,69.97869063405761,150.0,625.0
3_Propranolol 1 µM,Larva 26,896,895,334.72067039106145,14.24761736810384,300.0,375.0
3_Propranolol 1 µM,Larva 27,937,936,319.9519230769231,14.267096377217682,275.0,375.0
3_Propranolol 1 µM,Larva 28,973,972,308.179012345679,15.255938999114527,275.0,350.0
3_Propranolol 1 µM,Larva 29,815,814,368.1818181818182,18.659271592166576,325.0,425.0
3_Propranolol 1 µM,Larva 30,805,804,372.4813432835821,19.53357614981354,325.0,500.0
3_Propranolol 1 µM,Larva 31,1173,1172,255.6740614334471,13.809945081840892,225.0,325.0
3_Propranolol 1 µM,Larva 32,1152,1151,260.3171155516942,13.160746891877723,225.0,300.0
3_Propranolol 1 µM,Larva 33,1157,1156,259.2128027681661,13.21513662771321,225.0,350.0
3_Propranolol 1 µM,Larva 34,1109,1108,270.3745487364621,19.104962835367296,175.0,450.0
3_Propranolol 1 µM,Larva 35,1058,1057,283.4673604541154,31.842165210220745,250.0,675.0
3_Propranolol 10 µM,Larva 01,1110,1109,270.10820559062216,17.061840931933087,225.0,400.0
3_Propranolol 10 µM,Larva 02,989,988,303.18825910931173,23.965583111878928,250.0,500.0
3_Propranolol 10 µM,Larva 03,790,789,379.3092522179975,29.337823911490226,350.0,775.0
3_Propranolol 10 µM,Larva 04,842,841,356.06420927467303,33.54895145185062,300.0,600.0
3_Propranolol 10 µM,Larva 05,860,859,348.80675203725264,17.58570964580135,325.0,475.0
3_Propranolol 10 µM,Larva 06,1097,1096,273.33485401459853,15.661686379000274,250.0,325.0
3_Propranolol 10 µM,Larva 07,945,944,317.16101694915255,21.04881144797953,275.0,475.0
3_Propranolol 10 µM,Larva 08,880,879,340.7849829351536,39.52013587622741,250.0,775.0
3_Propranolol 10 µM,Larva 09,892,891,336.0830527497194,14.357932618053253,300.0,400.0
3_Propranolol 10 µM,Larva 10,965,964,310.9180497925311,14.06536776876274,275.0,400.0
3_Propranolol 10 µM,Larva 11,939,938,319.50959488272923,28.473501945765225,150.0,525.0
3_Propranolol 10 µM,Larva 12,847,846,353.90070921985813,25.488783505757787,250.0,550.0
3_Propranolol 10 µM,Larva 13,866,865,346.32947976878614,15.070972684217653,300.0,500.0
3_Propranolol 10 µM,Larva 14,787,786,380.852417302799,25.20473117889602,325.0,475.0
3_Propranolol 10 µM,Larva 15,803,802,373.41022443890273,14.499034113482917,350.0,475.0
3_Propranolol 10 µM,Larva 16,703,702,426.1039886039886,35.850858541534436,150.0,675.0
3_Propranolol 10 µM,Larva 17,774,773,387.4514877102199,23.641058600079322,325.0,550.0
3_Propranolol 10 µM,Larva 18,802,801,373.84519350811485,26.607068325684594,300.0,950.0
3_Propranolol 10 µM,Larva 19,769,768,389.55078125,17.277982268327758,325.0,450.0
3_Propranolol 10 µM,Larva 20,876,875,342.2857142857143,22.30768148107787,175.0,475.0
3_Propranolol 10 µM,Larva 21,748,747,400.7697456492637,50.385825925077114,200.0,700.0
3_Propranolol 10 µM,Larva 22,760,759,394.92753623188406,19.050968821399373,350.0,475.0
3_Propranolol 10 µM,Larva 23,756,755,396.887417218543,33.851749844009916,200.0,600.0
3_Propranolol 10 µM,Larva 24,802,801,373.78277153558054,20.623496116539084,325.0,500.0
3_Propranolol 10 µM,Larva 25,882,881,340.1532349602724,21.246734763633444,300.0,525.0
3_Propranolol 10 µM,Larva 26,844,843,355.54567022538555,17.46710148473303,325.0,450.0
3_Propranolol 10 µM,Larva 27,827,826,362.7118644067797,24.915727787827326,300.0,525.0
3_Propranolol 10 µM,Larva 28,921,920,325.54347826086956,19.038812213748972,300.0,525.0
3_Propranolol 10 µM,Larva 29,859,858,349.12587412587413,20.250310239483852,300.0,500.0
3_Propranolol 100 µM,Larva 01 - 01.04.25,666,665,450.1127819548872,67.84121821763821,200.0,1200.0
3_Propranolol 100 µM,Larva 02 - 01.04.25,718,717,417.64295676429566,41.61684491809493,225.0,775.0
3_Propranolol 100 µM,Larva 03 - 01.04.25,808,807,371.0656753407683,25.49105145139796,275.0,650.0
3_Propranolol 100 µM,Larva 04 - 01.04.25,807,806,371.8672456575682,16.00499283471893,150.0,450.0
3_Propranolol 100 µM,Larva 05 - 01.04.25,636,635,471.0236220472441,35.00471612026444,375.0,775.0
3_Propranolol 100 µM,Larva 06 - 01.04.25,672,671,446.34873323397915,37.29997615544938,375.0,800.0
3_Propranolol 100 µM,Larva 07 - 01.04.25,727,726,412.56887052341597,39.68599298518497,350.0,675.0
3_Propranolol 100 µM,Larva 08 - 01.04.25,657,656,456.0213414634146,40.40978549873947,400.0,700.0
3_Propranolol 100 µM,Larva 09 - 01.04.25,644,643,465.5909797822706,80.83761950567846,150.0,800.0
3_Propranolol 100 µM,Larva 10 - 01.04.25,562,561,532.7540106951872,81.84067881263726,175.0,1025.0
3_Propranolol 100 µM,Larva 11 - 01.04.25,626,625,478.68,56.57258700112626,350.0,1050.0
3_Propranolol 100 µM,Larva 12 - 01.04.25,572,571,523.9492119089317,62.519622518888475,375.0,950.0
3_Propranolol 100 µM,Larva 13 - 01.04.25,694,693,431.96248196248195,35.24355629766283,375.0,650.0
3_Propranolol 100 µM,Larva 14 - 06.04.25,746,745,401.67785234899327,42.23857908562775,350.0,825.0
3_Propranolol 100 µM,Larva 15 - 06.04.25,626,625,478.76,50.39704753256881,225.0,875.0
3_Propranolol 100 µM,Larva 16 - 06.04.25,718,717,417.6080892608089,50.32423287384228,350.0,700.0
3_Propranolol 100 µM,Larva 17 - 06.04.25,686,685,437.66423357664235,26.76643430557184,375.0,650.0
3_Propranolol 100 µM,Larva 18 - 06.04.25,670,669,447.6831091180867,48.465370176316675,400.0,725.0
3_Propranolol 100 µM,Larva 19 - 06.04.25,702,701,427.0684736091298,28.72096842874003,300.0,625.0
3_Propranolol 100 µM,Larva 20 - 06.04.25,673,672,445.4985119047619,30.54582814122399,400.0,975.0
3_Propranolol 100 µM,Larva 21 - 06.04.25,503,502,595.0697211155378,102.0182055442656,325.0,1150.0
3_Propranolol 100 µM,Larva 22 - 06.04.25,609,608,492.3519736842105,98.52478212852334,250.0,1250.0
3_Propranolol 100 µM,Larva 23 - 06.04.25,505,504,593.6011904761905,130.97799735922658,400.0,1475.0
3_Propranolol 100 µM,Larva 24 - 06.04.25,664,663,452.14932126696834,70.91103147542597,175.0,975.0
3_Propranolol 100 µM,Larva 25 - 06.04.25,821,820,365.3658536585366,15.622850833753297,325.0,400.0
3_Propranolol 100 µM,Larva 26 - 06.04.25,724,723,414.10788381742736,31.608549385837975,175.0,575.0
3_Propranolol 100 µM,Larva 27 - 06.04.25,677,676,443.2692307692308,49.76832421002898,350.0,700.0
4_Carbachol 1 µM,Larva 01,1054,1053,284.59164292497627,18.760863429917883,250.0,375.0
4_Carbachol 1 µM,Larva 02,1094,1093,274.29094236047575,14.547945162258145,200.0,325.0
4_Carbachol 1 µM,Larva 03,1021,1020,293.52941176470586,16.26358007662769,250.0,375.0
4_Carbachol 1 µM,Larva 04,1051,1050,285.1904761904762,21.951502926351615,225.0,425.0
4_Carbachol 1 µM,Larva 05,984,983,304.88301119023396,21.254203014107112,250.0,575.0
4_Carbachol 1 µM,Larva 06,1052,1051,285.1569933396765,14.702864051658578,250.0,350.0
4_Carbachol 1 µM,Larva 07,961,960,312.0833333333333,14.015740159628468,275.0,350.0
4_Carbachol 1 µM,Larva 08,1007,1006,297.7882703777336,15.387761447858493,250.0,350.0
4_Carbachol 1 µM,Larva 09,913,912,328.61842105263156,18.304179686567583,300.0,450.0
4_Carbachol 1 µM,Larva 10,955,954,314.0985324947589,14.893920429858511,275.0,350.0
4_Carbachol 1 µM,Larva 11,922,921,325.4343105320304,32.554577506066124,150.0,450.0
4_Carbachol 1 µM,Larva 12,878,877,341.9327251995439,19.93572999490151,300.0,475.0
4_Carbachol 1 µM,Larva 13,1009,1008,297.14781746031747,10.263153349000099,275.0,325.0
4_Carbachol 1 µM,Larva 14,986,985,303.9593908629442,19.435128999388212,275.0,500.0
4_Carbachol 1 µM,Larva 15,881,880,340.53977272727275,16.791455076458107,300.0,400.0
4_Carbachol 1 µM,Larva 16,924,923,324.48537378114844,26.849376268522825,275.0,525.0
4_Carbachol 1 µM,Larva 17,952,951,315.03680336487906,16.293629027301307,275.0,375.0
4_Carbachol 1 µM,Larva 18,915,914,327.76258205689277,18.339118915882562,275.0,400.0
4_Carbachol 1 µM,Larva 19,954,953,314.1920251836306,15.490506160330858,275.0,350.0
4_Carbachol 1 µM,Larva 20,996,995,301.15577889447235,12.578231745382956,275.0,375.0
4_Carbachol 1 µM,Larva 21,981,980,305.73979591836735,14.754406050991491,275.0,375.0
4_Carbachol 1 µM,Larva 22,1022,1021,293.462291870715,18.89415329237257,250.0,500.0
4_Carbachol 1 µM,Larva 23,920,919,325.97932535364527,17.388494663463057,300.0,450.0
4_Carbachol 1 µM,Larva 24,954,953,314.401888772298,16.251856834754147,275.0,375.0
4_Carbachol 1 µM,Larva 25,921,920,325.5978260869565,21.102008858940366,275.0,600.0
4_Carbachol 1 µM,Larva 26,975,974,307.5205338809035,13.84821982504517,275.0,375.0
4_Carbachol 1 µM,Larva 27,987,986,303.5496957403651,14.76922080796973,275.0,350.0
4_Carbachol 1 µM,Larva 28,882,881,340.1248581157775,35.018014913087164,300.0,525.0
4_Carbachol 1 µM,Larva 29,933,932,321.45922746781116,18.66135556913999,275.0,375.0
4_Carbachol 1 µM,Larva 30,945,944,317.34639830508473,12.300429222660973,250.0,350.0
4_Carbachol 1 µM,Larva 31,944,943,317.7094379639449,13.787217480547248,275.0,375.0
4_Carbachol 10 µM,Larva 01,898,897,334.11371237458195,13.297907285329618,300.0,425.0
4_Carbachol 10 µM,Larva 02,732,731,409.7127222982216,41.76000861680078,350.0,675.0
4_Carbachol 10 µM,Larva 03,865,864,346.2962962962963,20.712095794692164,300.0,525.0
4_Carbachol 10 µM,Larva 04,831,830,360.6024096385542,18.00932807764076,325.0,450.0
4_Carbachol 10 µM,Larva 05,756,755,396.6887417218543,66.93845996824282,250.0,700.0
4_Carbachol 10 µM,Larva 06,943,942,317.9936305732484,31.1024941105612,275.0,700.0
4_Carbachol 10 µM,Larva 07,954,953,314.2444910807975,22.113084197750524,275.0,700.0
4_Carbachol 10 µM,Larva 08,917,916,326.9377729257642,48.18977963651304,275.0,725.0
4_Carbachol 10 µM,Larva 09,843,842,355.70071258907365,29.270354583596376,225.0,550.0
4_Carbachol 10 µM,Larva 10,919,918,326.22549019607845,13.067043625740533,300.0,375.0
4_Carbachol 10 µM,Larva 11,991,990,302.57575757575756,12.398346997259868,275.0,350.0
4_Carbachol 10 µM,Larva 12,975,974,307.70020533880904,22.792665612150824,275.0,625.0
4_Carbachol 10 µM,Larva 13,729,728,411.60714285714283,25.494279762879035,350.0,650.0
4_Carbachol 10 µM,Larva 14,862,861,347.5900116144019,30.66006861239776,175.0,650.0
4_Carbachol 10 µM,Larva 15,786,785,381.687898089172,18.32608162037082,325.0,525.0
4_Carbachol 10 µM,Larva 16,1078,1077,278.0872794800371,13.808606702385534,200.0,475.0
4_Carbachol 10 µM,Larva 17,1056,1055,283.86255924170615,22.485067632454744,250.0,675.0
4_Carbachol 10 µM,Larva 18,801,800,374.4375,30.81693680024022,325.0,650.0
4_Carbachol 10 µM,Larva 19,949,948,316.0601265822785,24.758529468015183,250.0,650.0
4_Carbachol 10 µM,Larva 20,978,977,306.6018423746162,15.172772194063397,275.0,375.0
4_Carbachol 10 µM,Larva 21,953,952,314.6533613445378,14.515480335615207,275.0,425.0
4_Carbachol 10 µM,Larva 22,867,866,345.6986143187067,24.228329245610354,300.0,500.0
4_Carbachol 10 µM,Larva 23,996,995,301.13065326633165,14.41847694670593,275.0,450.0
4_Carbachol 10 µM,Larva 24,854,853,351.58264947245016,17.926299005326264,300.0,400.0
4_Carbachol 10 µM,Larva 25,1043,1042,287.4040307101727,19.04139603663578,225.0,475.0
4_Carbachol 10 µM,Larva 26,988,987,303.6980749746707,19.66028676614107,250.0,475.0
4_Carbachol 10 µM,Larva 27,980,979,306.2053115423902,16.03360020157298,250.0,550.0
4_Carbachol 10 µM,Larva 28,1008,1007,297.5422045680238,18.895572436471603,250.0,475.0
4_Carbachol 10 µM,Larva 29,974,973,307.9650565262076,17.690987245613265,275.0,425.0
4_Carbachol 100 µM - first 5 minutes after washout,Larva 01 - 14.07.25,579,578,517.7768166089966,109.07537003532708,350.0,925.0
4_Carbachol 100 µM - first 5 minutes after washout,Larva 03 - 14.07.25,658,657,455.7077625570776,81.68316756614674,350.0,725.0
4_Carbachol 100 µM - first 5 minutes after washout,Larva 04 - 14.07.25,714,713,419.7405329593268,177.62369807728368,150.0,1200.0
4_Carbachol 100 µM - first 5 minutes after washout,Larva 06 - 14.07.25,833,832,360.09615384615387,76.53825014466362,275.0,825.0
4_Carbachol 100 µM - first 5 minutes after washout,Larva 07 - 14.07.25,904,903,331.94905869324475,29.19214340632544,300.0,450.0
4_Carbachol 100 µM - first 5 minutes after washout,Larva 09 - 14.07.25,686,685,437.37226277372264,108.62961965846436,175.0,925.0
4_Carbachol 100 µM - first 5 minutes after washout,Larva 12 - 14.07.25,529,528,567.1875,132.40132430260405,275.0,1425.0
4_Carbachol 100 µM - first 5 minutes after washout,Larva 13 - 14.07.25,674,673,445.1708766716196,50.7090197038022,350.0,875.0
4_Carbachol 100 µM - first 5 minutes after washout,Larva 14 - 14.07.25,596,595,502.39495798319325,133.6288110185896,150.0,1650.0
4_Carbachol 100 µM - first 5 minutes after washout,Larva 15 - 14.07.25,656,655,456.793893129771,75.23263843818226,375.0,750.0
4_Carbachol 100 µM - first 5 minutes after washout,Larva 16 - 14.07.25,770,769,389.629388816645,128.34177679952145,150.0,1500.0
4_Carbachol 100 µM - first 5 minutes after washout,Larva 18 - 16.07.25,613,612,489.5016339869281,131.91291813611846,200.0,1000.0
4_Carbachol 100 µM - first 5 minutes after washout,Larva 19 - 16.07.25,831,830,360.7530120481928,28.271582383121714,300.0,550.0
4_Carbachol 100 µM - first 5 minutes after washout,Larva 20 - 16.07.25,713,712,420.0842696629214,183.32541883426518,150.0,1250.0
4_Carbachol 100 µM - first 5 minutes after washout,Larva 23 - 16.07.25,586,585,511.70940170940173,186.75039604891973,150.0,1400.0
4_Carbachol 100 µM - first 5 minutes after washout,Larva 27 - 16.07.25,699,698,428.5458452722063,48.794185514719146,325.0,800.0
4_Carbachol 100 µM - second 5 minutes after washout,Larva 01 - 14.07.25,810,809,370.51915945611864,21.72652685388978,325.0,450.0
4_Carbachol 100 µM - second 5 minutes after washout,Larva 03 - 14.07.25,846,845,354.14201183431953,12.065058286451881,325.0,400.0
4_Carbachol 100 µM - second 5 minutes after washout,Larva 04 - 14.07.25,827,826,362.34866828087166,70.34843739206276,225.0,850.0
4_Carbachol 100 µM - second 5 minutes after washout,Larva 06 - 14.07.25,1014,1013,295.7305034550839,12.103919373844452,275.0,425.0
4_Carbachol 100 µM - second 5 minutes after washout,Larva 07 - 14.07.25,998,997,300.45135406218657,10.004857930958941,275.0,325.0
4_Carbachol 100 µM - second 5 minutes after washout,Larva 09 - 14.07.25,951,950,315.6578947368421,15.268261397231278,275.0,400.0
4_Carbachol 100 µM - second 5 minutes after washout,Larva 12 - 14.07.25,615,614,488.3957654723127,24.43814331159973,450.0,575.0
4_Carbachol 100 µM - second 5 minutes after washout,Larva 13 - 14.07.25,840,839,356.9725864123957,12.938857290913239,325.0,400.0
4_Carbachol 100 µM - second 5 minutes after washout,Larva 14 - 14.07.25,871,870,344.3965517241379,25.782204271064778,300.0,725.0
4_Carbachol 100 µM - second 5 minutes after washout,Larva 15 - 14.07.25,769,768,389.6809895833333,14.936795766519833,375.0,475.0
4_Carbachol 100 µM - second 5 minutes after washout,Larva 16 - 14.07.25,613,612,489.37908496732024,182.42181623831505,150.0,1325.0
4_Carbachol 100 µM - second 5 minutes after washout,Larva 18 - 16.07.25,774,773,387.77490297542045,58.80683876941005,325.0,825.0
4_Carbachol 100 µM - second 5 minutes after washout,Larva 19 - 16.07.25,876,875,342.42857142857144,36.18151518132328,150.0,475.0
4_Carbachol 100 µM - second 5 minutes after washout,Larva 20 - 16.07.25,757,756,396.2632275132275,58.81399045449171,175.0,625.0
4_Carbachol 100 µM - second 5 minutes after washout,Larva 23 - 16.07.25,772,771,388.74837872892346,47.83601454191966,150.0,875.0
4_Carbachol 100 µM - second 5 minutes after washout,Larva 27 - 16.07.25,818,817,366.52386780905755,14.611567347137361,300.0,425.0
control/1_Control,Larva 01 - 01.04.25,988,987,303.57142857142856,10.935739085550104,200.0,350.0
control/1_Control,Larva 02 - 01.04.25,1034,1033,289.9564375605034,14.263901854623024,250.0,350.0
control/1_Control,Larva 03 - 01.04.25,1038,1037,288.78977820636453,12.625690989005049,250.0,325.0
control/1_Control,Larva 04 - 01.04.25,995,994,301.38329979879273,20.463024581591572,225.0,475.0
control/1_Control,Larva 05 - 01.04.25,929,928,323.0064655172414,10.448558368989966,250.0,350.0
control/1_Control,Larva 06 - 01.04.25,1003,1002,298.90219560878245,18.922903124107886,175.0,625.0
control/1_Control,Larva 07 - 01.04.25,944,943,317.6033934252386,12.571478312339554,225.0,350.0
control/1_Control,Larva 08 - 01.04.25,992,991,302.16952573158426,15.734153679341642,250.0,375.0
control/1_Control,Larva 09 - 01.04.25,865,864,346.64351851851853,18.52538935037508,300.0,525.0
control/1_Control,Larva 10 - 01.04.25,882,881,339.64245175936435,27.728257576391293,250.0,725.0
control/1_Control,Larva 11 - 01.04.25,785,784,382.17474489795916,13.553421321819803,275.0,400.0
control/1_Control,Larva 12 - 01.04.25,723,722,414.9584487534626,32.78294167983803,375.0,675.0
control/1_Control,Larva 13 - 01.04.25,789,788,380.3299492385787,46.60238187522312,325.0,675.0
control/1_Control,Larva 14 - 06.04.25,1015,1014,295.4881656804734,12.1111452895676,275.0,425.0
control/1_Control,Larva 15 - 06.04.25,928,927,323.2200647249191,15.433788945168624,300.0,375.0
control/1_Control,Larva 16 - 06.04.25,1058,1057,283.3727530747398,13.700442136950215,250.0,350.0
control/1_Control,Larva 17 - 06.04.25,924,923,324.3228602383532,17.188704360214302,300.0,575.0
control/1_Control,Larva 18 - 06.04.25,949,948,315.954641350211,17.126393182359536,250.0,425.0
control/1_Control,Larva 19 - 06.04.25,987,986,303.77789046653146,12.849667441579927,150.0,325.0
control/1_Control,Larva 20 - 06.04.25,947,946,316.622621564482,14.049680648320397,275.0,350.0
control/1_Control,Larva 21 - 06.04.25,853,852,351.37910798122067,17.223828486979993,325.0,500.0
control/1_Control,Larva 22 - 06.04.25,894,893,335.5263157894737,22.06583429652069,300.0,700.0
control/1_Control,Larva 23 - 06.04.25,963,962,311.2006237006237,15.50227263956659,275.0,475.0
control/1_Control,Larva 24 - 06.04.25,841,840,356.4583333333333,13.051570862701814,325.0,400.0
control/1_Control,Larva 25 - 06.04.25,970,969,309.3137254901961,12.403128348471974,275.0,350.0
control/1_Control,Larva 26 - 06.04.25,912,911,328.9517014270033,16.42512448807389,275.0,400.0
control/1_Control,Larva 27 - 06.04.25,885,884,338.7160633484163,12.996594224097759,325.0,375.0
control/2_Control,Larva 01,991,990,302.57575757575756,13.235696231370273,275.0,375.0
control/2_Control,Larva 02,1025,1024,292.5048828125,14.594117219213436,275.0,350.0
control/2_Control,Larva 03,1024,1023,292.93743890518084,12.684532190098835,275.0,350.0
control/2_Control,Larva 04,1024,1023,292.93743890518084,12.19337496552068,225.0,350.0
control/2_Control,Larva 05,940,939,319.1160809371672,14.106937816021587,275.0,450.0
control/2_Control,Larva 06,1057,1056,283.59375,12.410158914004016,250.0,325.0
control/2_Control,Larva 07,1046,1045,286.67464114832535,19.133611748842295,150.0,550.0
control/2_Control,Larva 08,1066,1065,281.3380281690141,14.72656281859113,250.0,325.0
control/2_Control,Larva 09,1048,1047,286.0792741165234,15.147489484316758,225.0,325.0
control/2_Control,Larva 10,992,991,302.3713420787084,10.977793662586311,275.0,325.0
control/2_Control,Larva 11,1050,1049,285.65300285986655,12.554084825145212,250.0,325.0
control/2_Control,Larva 12,1101,1100,272.3181818181818,21.043000053216495,150.0,525.0
control/2_Control,Larva 13,1031,1030,290.752427184466,19.428531439987964,250.0,500.0
control/2_Control,Larva 14,1020,1019,293.91560353287537,20.083895234632866,225.0,500.0
control/2_Control,Larva 15,1120,1119,267.69436997319036,23.60309037737798,225.0,625.0
control/2_Control,Larva 16,1029,1028,291.658560311284,14.176388637959102,275.0,425.0
control/2_Control,Larva 17,1057,1056,283.9725378787879,16.83701402524937,225.0,375.0
control/2_Control,Larva 18,1082,1081,277.22016651248845,11.618416605226662,250.0,300.0
control/2_Control,Larva 19,1053,1052,284.7671102661597,14.67382832314195,175.0,350.0
control/2_Control,Larva 20,1053,1052,284.6720532319392,20.56039647936784,250.0,625.0
control/2_Control,Larva 21,1071,1070,280.0233644859813,11.227237236736102,250.0,300.0
control/2_Control,Larva 22,1042,1041,287.9202689721422,13.056898402494825,250.0,325.0
control/2_Control,Larva 23,1172,1171,255.99914602903502,11.815584056567175,225.0,275.0
control/2_Control,Larva 24,1126,1125,266.35555555555555,13.993896376723287,175.0,350.0
control/2_Control,Larva 25,1037,1036,289.18918918918916,17.71636567854986,250.0,375.0
control/2_Control,Larva 26,1065,1064,281.79041353383457,13.891167415297279,250.0,450.0
control/2_Control,Larva 27,996,995,301.08040201005025,20.835888246829505,275.0,750.0
control/2_Control,Larva 28,1034,1033,289.9080348499516,14.89447435209817,200.0,400.0
control/3_Control,Larva 01,1015,1014,295.61143984220905,18.69037943251002,225.0,650.0
control/3_Control,Larva 02,1044,1043,287.27229146692235,14.245642189914163,225.0,325.0
control/3_Control,Larva 03,1119,1118,267.79964221824685,14.132237720357434,250.0,400.0
control/3_Control,Larva 04,1088,1087,275.59797608095676,18.56417585454796,200.0,575.0
control/3_Control,Larva 05,1100,1099,272.7024567788899,16.413495173470867,225.0,450.0
control/3_Control,Larva 06,1067,1066,280.90994371482174,11.8728154738622,250.0,325.0
control/3_Control,Larva 07,1105,1104,271.5126811594203,13.08673069745137,250.0,375.0
control/3_Control,Larva 08,1078,1077,278.22655524605386,12.449068775977148,225.0,350.0
control/3_Control,Larva 09,1018,1017,294.64110127826945,14.138450191296368,250.0,400.0
control/3_Control,Larva 10,989,988,303.415991902834,12.076679241662724,250.0,350.0
control/3_Control,Larva 11,915,914,327.6531728665208,13.80510861419667,300.0,375.0
control/3_Control,Larva 12,934,933,320.98070739549837,12.989716962523573,300.0,375.0
control/3_Control,Larva 13,914,913,328.1763417305586,34.14643116353935,175.0,700.0
control/3_Control,Larva 14,866,865,346.32947976878614,12.502998404123764,300.0,375.0
control/3_Control,Larva 15,869,868,345.1900921658986,16.904572050563825,300.0,425.0
control/3_Control,Larva 16,835,834,359.14268585131896,15.521008443331036,325.0,425.0
control/3_Control,Larva 17,957,956,313.4152719665272,13.425921698773573,275.0,350.0
control/3_Control,Larva 18,941,940,318.51063829787233,14.232674933503842,275.0,350.0
control/3_Control,Larva 19,882,881,339.8978433598184,14.494541064174761,300.0,400.0
control/3_Control,Larva 20,944,943,317.7094379639449,13.197753030344565,275.0,350.0
control/3_Control,Larva 21,922,921,325.1900108577633,10.770619348524255,300.0,350.0
control/3_Control,Larva 22,973,972,308.12757201646093,13.732159434949452,275.0,450.0
control/3_Control,Larva 23,944,943,317.86850477200426,17.08210149564934,275.0,425.0
control/3_Control,Larva 24,949,948,315.954641350211,14.408559691444486,275.0,450.0
control/3_Control,Larva 25,931,930,322.0430107526882,15.3583811160311,275.0,400.0
control/3_Control,Larva 26,944,943,317.6033934252386,13.088072214650479,275.0,350.0
control/3_Control,Larva 27,902,901,332.32519422863487,18.297508005548398,175.0,525.0
control/3_Control,Larva 28,978,977,306.525076765609,13.20175059028726,275.0,350.0
control/3_Control,Larva 29,821,820,365.0914634146341,34.814283237927114,225.0,700.0
control/3_Control,Larva 30,911,910,329.2032967032967,12.979162933349311,300.0,375.0
control/3_Control,Larva 31,832,831,360.74007220216606,29.9371555078053,275.0,525.0
control/4_Control,Larva 01 - 01.04.25,978,977,306.5506653019447,12.048424219351304,250.0,375.0
control/4_Control,Larva 02 - 01.04.25,947,946,316.7019027484144,12.049928573255663,300.0,350.0
control/4_Control,Larva 03 - 01.04.25,977,976,306.94159836065575,12.182259638681964,275.0,350.0
control/4_Control,Larva 04 - 01.04.25,884,883,339.29784824462064,20.473297414796864,275.0,500.0
control/4_Control,Larva 05 - 01.04.25,938,937,320.0373532550694,18.67899055031435,175.0,525.0
control/4_Control,Larva 06 - 01.04.25,755,754,397.61273209549074,44.277322901287576,350.0,775.0
control/4_Control,Larva 07 - 01.04.25,940,939,319.1160809371672,14.294422275021219,300.0,375.0
control/4_Control,Larva 08 - 01.04.25,846,845,354.4378698224852,12.384758153294644,325.0,425.0
control/4_Control,Larva 09 - 01.04.25,892,891,335.99887766554434,12.633618009712709,300.0,375.0
control/4_Control,Larva 10 - 01.04.25,857,856,349.7371495327103,17.982853289608517,325.0,500.0
control/4_Control,Larva 11 - 01.04.25,909,908,329.9284140969163,14.218649218214727,300.0,375.0
control/4_Control,Larva 12 - 06.04.25,1011,1010,296.53465346534654,37.78025686834765,150.0,625.0
control/4_Control,Larva 13 - 06.04.25,955,954,313.94129979035637,20.208055993383407,275.0,425.0
control/4_Control,Larva 14 - 06.04.25,872,871,343.8289322617681,36.747900131467844,200.0,625.0
control/4_Control,Larva 15 - 06.04.25,954,953,314.0083945435467,29.072546174598056,275.0,700.0
control/4_Control,Larva 16 - 06.04.25,990,989,302.6541961577351,11.350101672392878,275.0,325.0
control/4_Control,Larva 17 - 06.04.25,1041,1040,288.2932692307692,12.61849805477197,275.0,325.0
control/4_Control,Larva 18 - 06.04.25,1038,1037,288.81388621022177,12.575368925211743,250.0,325.0
control/4_Control,Larva 19 - 06.04.25,925,924,324.2694805194805,12.957301646712798,300.0,500.0
control/4_Control,Larva 20 - 06.04.25,891,890,336.5730337078652,15.067181122439322,300.0,450.0
control/4_Control,Larva 21 - 06.04.25,853,852,351.6725352112676,13.078924258894038,275.0,400.0
control/4_Control,Larva 22 - 06.04.25,799,798,375.43859649122805,12.382100187274652,350.0,400.0
control/4_Control,Larva 23 - 06.04.25,671,670,447.0149253731343,137.821698845848,150.0,1100.0
control/4_Control,Larva 24 - 06.04.25,879,878,341.3154897494305,15.304636594762089,325.0,550.0
control/4_Control,Larva 25 - 06.04.25,883,882,339.6258503401361,14.631781743018669,300.0,500.0
control/4_Control,Larva 26 - 06.04.25,803,802,373.4725685785536,10.142617458704935,350.0,400.0
control/4_Control,Larva 27 - 06.04.25,878,877,341.8187001140251,14.452145438459251,275.0,425.0
control/4_Control,Larva 28 - 06.04.25,848,847,353.60094451003545,20.943425205071293,325.0,650.0
control/4_Control,Larva 29 - 06.04.25,963,962,311.66839916839916,18.720707384159546,250.0,475.0
control/4_Control,Larva 30 - 06.04.25,977,976,306.9159836065574,13.658117394202964,275.0,425.0
control/5_Control,Larva 01 - 14.07.25,908,907,330.0165380374862,11.366149860726427,300.0,350.0
control/5_Control,Larva 03 - 14.07.25,976,975,307.46153846153845,15.236336718761995,225.0,525.0
control/5_Control,Larva 04 - 14.07.25,930,929,322.41657696447794,14.489883064079821,275.0,375.0
control/5_Control,Larva 06 - 14.07.25,1094,1093,274.0393412625801,10.757720618490598,250.0,400.0
control/5_Control,Larva 07 - 14.07.25,1008,1007,297.56703078450846,16.683549968313972,250.0,425.0
control/5_Control,Larva 09 - 14.07.25,1042,1041,287.9682997118156,13.101171160387361,250.0,400.0
control/5_Control,Larva 12 - 14.07.25,938,937,319.5837780149413,13.345730010979645,300.0,425.0
control/5_Control,Larva 13 - 14.07.25,865,864,346.6145833333333,14.412598022939285,300.0,475.0
control/5_Control,Larva 14 - 14.07.25,908,907,330.1819184123484,12.994146059720425,275.0,450.0
control/5_Control,Larva 15 - 14.07.25,898,897,334.00222965440355,20.62788091539837,300.0,600.0
control/5_Control,Larva 16 - 14.07.25,931,930,322.31182795698925,9.391689868924393,300.0,350.0
control/5_Control,Larva 18 - 16.07.25,1006,1005,298.1592039800995,13.671502385466091,275.0,375.0
control/5_Control,Larva 19 - 16.07.25,912,911,328.8968166849616,11.473077385138902,300.0,375.0
control/5_Control,Larva 20 - 16.07.25,965,964,310.55497925311204,13.88034544706507,275.0,475.0
control/5_Control,Larva 23 - 16.07.25,924,923,324.75622968580717,14.27444024435306,275.0,375.0
control/6_Control,Larva 01,1164,1163,257.6956147893379,14.694488284013119,200.0,375.0
control/6_Control,Larva 02,1026,1025,292.1463414634146,14.9153072061602,250.0,350.0
control/6_Control,Larva 03,1035,1034,289.6276595744681,16.873108431448827,250.0,550.0
control/6_Control,Larva 04,985,984,304.2936991869919,12.899475352307785,250.0,350.0
control/6_Control,Larva 05,890,889,336.92350956130485,27.192617907675896,250.0,600.0
control/6_Control,Larva 06,998,997,300.3761283851555,19.374210485886152,275.0,475.0
control/6_Control,Larva 07,914,913,327.95728368017524,18.262877017571903,275.0,425.0
control/6_Control,Larva 08,773,772,387.95336787564764,56.8548091900382,325.0,775.0
control/6_Control,Larva 09,915,914,327.9266958424508,13.74972005370257,300.0,375.0
control/6_Control,Larva 10,895,894,335.01118568232664,14.878324103351115,300.0,525.0
control/6_Control,Larva 11,911,910,329.14835164835165,12.290663504093216,300.0,350.0
control/6_Control,Larva 12,937,936,319.7916666666667,13.486079202828273,300.0,375.0
control/6_Control,Larva 13,903,902,332.06762749445676,44.320677764670705,200.0,950.0
control/6_Control,Larva 14,993,992,302.0665322580645,11.259566222690507,275.0,350.0
control/6_Control,Larva 15,961,960,311.9010416666667,14.009133886442228,275.0,350.0
control/6_Control,Larva 16,1010,1009,296.9524281466799,13.586478023581872,275.0,375.0
control/6_Control,Larva 17,1018,1017,294.5673549655851,12.16930856615229,250.0,350.0
control/6_Control,Larva 18,878,877,341.67616875712656,27.155870700196193,200.0,625.0
control/6_Control,Larva 19,1017,1016,294.7096456692913,12.683276292513897,275.0,325.0
control/6_Control,Larva 20,955,954,313.7840670859539,16.547989985413462,275.0,475.0
control/6_Control,Larva 21,982,981,305.35168195718654,18.770942629000114,250.0,375.0
control/6_Control,Larva 22,957,956,313.57217573221754,15.452587083315356,275.0,425.0
control/6_Control,Larva 23,929,928,322.73706896551727,14.318116268490154,275.0,375.0
control/6_Control,Larva 24,890,889,336.78290213723284,17.97383112474589,300.0,525.0
control/6_Control,Larva 25,941,940,318.53723404255317,18.95160962143048,275.0,600.0
control/6_Control,Larva 26,989,988,303.2894736842105,12.189844886071088,275.0,325.0
control/6_Control,Larva 27,985,984,304.344512195122,12.683699383326587,275.0,375.0
control/6_Control,Larva 28,954,953,314.1920251836306,20.162713225356605,275.0,600.0
control/6_Control,Larva 29,949,948,315.84915611814347,17.565171875075507,200.0,500.0
control/6_Control,Larva 30,950,949,315.72708113804003,16.934396257986283,200.0,500.0
control/6_Control,Larva 31,835,834,359.11270983213427,19.763087376035884,175.0,425.0
control/7_Control,Larva 01,814,813,368.1119311193112,15.24409083457814,325.0,475.0
control/7_Control,Larva 02,968,967,309.79834539813857,13.172378630786445,275.0,375.0
control/7_Control,Larva 03,936,935,320.24064171122996,11.033292138663043,300.0,350.0
control/7_Control,Larva 04,878,877,341.41961231470924,33.18957644801134,150.0,775.0
control/7_Control,Larva 05,939,938,319.3496801705757,12.327846722025722,300.0,375.0
control/7_Control,Larva 06,924,923,324.7020585048754,13.188485493365473,300.0,375.0
control/7_Control,Larva 07,940,939,319.0894568690096,13.639840380477413,275.0,375.0
control/7_Control,Larva 08,907,906,330.7671081677704,21.382717222831317,275.0,750.0
control/7_Control,Larva 09,900,899,333.03670745272524,31.816698812230452,275.0,775.0
control/7_Control,Larva 10,883,882,339.6541950113379,17.696724829851068,300.0,525.0
control/7_Control,Larva 11,1022,1021,293.486777668952,14.526043735977147,250.0,525.0
control/7_Control,Larva 12,913,912,328.26206140350877,11.514691574957839,300.0,375.0
control/7_Control,Larva 13,906,905,331.1878453038674,15.335945796684062,300.0,450.0
control/7_Control,Larva 14,1000,999,300.0,12.047619895445953,275.0,350.0
control/7_Control,Larva 15,925,924,324.02597402597405,20.020913757559544,275.0,500.0
control/7_Control,Larva 16,986,985,304.23857868020303,12.306530560094933,200.0,350.0
control/7_Control,Larva 17,1057,1056,283.7121212121212,16.242669816664574,250.0,475.0
control/7_Control,Larva 18,909,908,330.011013215859,20.948065891918525,250.0,625.0
control/7_Control,Larva 19,887,886,337.83860045146724,33.6306777052903,250.0,625.0
control/7_Control,Larva 20,1026,1025,292.390243902439,12.223284554748993,275.0,325.0
control/7_Control,Larva 21,940,939,319.00958466453676,12.92762328544799,300.0,400.0
control/7_Control,Larva 22,895,894,335.01118568232664,17.10769572317013,300.0,525.0
control/7_Control,Larva 23,1021,1020,293.52941176470586,13.685691599474978,250.0,350.0
control/7_Control,Larva 24,935,934,320.63704496788006,13.1025423037817,300.0,400.0
control/7_Control,Larva 25,1169,1168,256.4640410958904,11.928600721643479,200.0,275.0
control/7_Control,Larva 26,1066,1065,281.2910798122066,11.428477948689272,225.0,300.0
control/7_Control,Larva 27,1046,1045,286.8421052631579,17.946729983452908,250.0,375.0
control/7_Control,Larva 28,1088,1087,275.5289788408464,13.575264221415546,250.0,450.0
control/7_Control,Larva 29,1169,1168,256.5068493150685,14.388147507699575,225.0,450.0
